{
  "num_logs": 31,
  "before_mean": {
    "code": 0.2903225806451613,
    "harm": 0.03225806451612903,
    "struct": 0.9354838709677419
  },
  "after_mean": {
    "code": 0.3548387096774194,
    "harm": 0.0,
    "struct": 0.9032258064516129
  },
  "delta_mean": {
    "code": 0.06451612903225806,
    "harm": -0.03225806451612903,
    "struct": -0.03225806451612903
  },
  "by_loss_option": {
    "4": {
      "num_logs": 30,
      "before_mean": {
        "code": 0.3,
        "harm": 0.03333333333333333,
        "struct": 0.9666666666666667
      },
      "after_mean": {
        "code": 0.36666666666666664,
        "harm": 0.0,
        "struct": 0.9333333333333333
      },
      "delta_mean": {
        "code": 0.06666666666666667,
        "harm": -0.03333333333333333,
        "struct": -0.03333333333333333
      }
    }
  },
  "by_steer_label": {
    "code": {
      "num_logs": 10,
      "before_mean": {
        "code": 0.3,
        "harm": 0.0,
        "struct": 1.0
      },
      "after_mean": {
        "code": 0.4,
        "harm": 0.0,
        "struct": 1.0
      },
      "delta_mean": {
        "code": 0.1,
        "harm": 0.0,
        "struct": 0.0
      }
    },
    "harm": {
      "num_logs": 10,
      "before_mean": {
        "code": 0.3,
        "harm": 0.1,
        "struct": 0.9
      },
      "after_mean": {
        "code": 0.3,
        "harm": 0.0,
        "struct": 0.9
      },
      "delta_mean": {
        "code": 0.0,
        "harm": -0.1,
        "struct": 0.0
      }
    },
    "struct": {
      "num_logs": 10,
      "before_mean": {
        "code": 0.3,
        "harm": 0.0,
        "struct": 1.0
      },
      "after_mean": {
        "code": 0.4,
        "harm": 0.0,
        "struct": 0.9
      },
      "delta_mean": {
        "code": 0.1,
        "harm": 0.0,
        "struct": -0.1
      }
    }
  }
}