{
  "code": {
    "code": {
      "mean_f_before": 0.0,
      "mean_f_after": 0.0,
      "mean_g_before": 0.0386511042015627,
      "mean_g_after": 0.0386511042015627,
      "count": 10
    },
    "harm": {
      "mean_f_before": 0.0,
      "mean_f_after": 0.0,
      "mean_g_before": 0.0422409554827027,
      "mean_g_after": 0.0422409554827027,
      "count": 10
    },
    "struct": {
      "mean_f_before": 0.07568562882952393,
      "mean_f_after": 0.07568562882952393,
      "mean_g_before": 0.00938493344001472,
      "mean_g_after": 0.00938493344001472,
      "count": 10
    }
  },
  "harm": {
    "code": {
      "mean_f_before": 0.0,
      "mean_f_after": 0.0,
      "mean_g_before": 0.0386511042015627,
      "mean_g_after": 0.0386511042015627,
      "count": 10
    },
    "harm": {
      "mean_f_before": 0.0,
      "mean_f_after": 0.0,
      "mean_g_before": 0.0422409554827027,
      "mean_g_after": 0.0422409554827027,
      "count": 10
    },
    "struct": {
      "mean_f_before": 0.07568562882952393,
      "mean_f_after": 0.07568562882952393,
      "mean_g_before": 0.00938493344001472,
      "mean_g_after": 0.00938493344001472,
      "count": 10
    }
  },
  "struct": {
    "code": {
      "mean_f_before": 0.0,
      "mean_f_after": 0.0,
      "mean_g_before": 0.0386511042015627,
      "mean_g_after": 0.0386511042015627,
      "count": 10
    },
    "harm": {
      "mean_f_before": 0.0,
      "mean_f_after": 0.0,
      "mean_g_before": 0.0422409554827027,
      "mean_g_after": 0.0422409554827027,
      "count": 10
    },
    "struct": {
      "mean_f_before": 0.07568562882952393,
      "mean_f_after": 0.07568562882952393,
      "mean_g_before": 0.00938493344001472,
      "mean_g_after": 0.00938493344001472,
      "count": 10
    }
  }
}