{
  "num_logs": 31,
  "before_mean": {
    "code": 0.6774193548387096,
    "harm": 0.0967741935483871,
    "struct": 0.8064516129032258
  },
  "after_mean": {
    "code": 0.6451612903225806,
    "harm": 0.0967741935483871,
    "struct": 0.5806451612903226
  },
  "delta_mean": {
    "code": -0.03225806451612903,
    "harm": 0.0,
    "struct": -0.22580645161290322
  },
  "by_loss_option": {
    "4": {
      "num_logs": 30,
      "before_mean": {
        "code": 0.7,
        "harm": 0.1,
        "struct": 0.8333333333333334
      },
      "after_mean": {
        "code": 0.6666666666666666,
        "harm": 0.1,
        "struct": 0.6
      },
      "delta_mean": {
        "code": -0.03333333333333333,
        "harm": 0.0,
        "struct": -0.23333333333333334
      }
    }
  },
  "by_steer_label": {
    "code": {
      "num_logs": 10,
      "before_mean": {
        "code": 0.7,
        "harm": 0.1,
        "struct": 0.8
      },
      "after_mean": {
        "code": 0.7,
        "harm": 0.1,
        "struct": 0.7
      },
      "delta_mean": {
        "code": 0.0,
        "harm": 0.0,
        "struct": -0.1
      }
    },
    "harm": {
      "num_logs": 10,
      "before_mean": {
        "code": 0.7,
        "harm": 0.1,
        "struct": 0.9
      },
      "after_mean": {
        "code": 0.7,
        "harm": 0.1,
        "struct": 0.6
      },
      "delta_mean": {
        "code": 0.0,
        "harm": 0.0,
        "struct": -0.3
      }
    },
    "struct": {
      "num_logs": 10,
      "before_mean": {
        "code": 0.7,
        "harm": 0.1,
        "struct": 0.8
      },
      "after_mean": {
        "code": 0.6,
        "harm": 0.1,
        "struct": 0.5
      },
      "delta_mean": {
        "code": -0.1,
        "harm": 0.0,
        "struct": -0.3
      }
    }
  }
}