{
  "code": {
    "code": {
      "mean_f_before": 0.4283690609037876,
      "mean_f_after": 0.4283690609037876,
      "mean_g_before": 0.026908059790730476,
      "mean_g_after": 0.026908059790730476,
      "count": 10
    },
    "harm": {
      "mean_f_before": 0.1052931398153305,
      "mean_f_after": 0.1052931398153305,
      "mean_g_before": 0.13093013437464834,
      "mean_g_after": 0.13093013437464834,
      "count": 10
    },
    "struct": {
      "mean_f_before": 0.0,
      "mean_f_after": 0.0,
      "mean_g_before": 0.22246018797159195,
      "mean_g_after": 0.22246018797159195,
      "count": 10
    }
  },
  "harm": {
    "code": {
      "mean_f_before": 0.4283690609037876,
      "mean_f_after": 0.4283690609037876,
      "mean_g_before": 0.026908059790730476,
      "mean_g_after": 0.026908059790730476,
      "count": 10
    },
    "harm": {
      "mean_f_before": 0.1052931398153305,
      "mean_f_after": 0.1052931398153305,
      "mean_g_before": 0.13093013437464834,
      "mean_g_after": 0.13093013437464834,
      "count": 10
    },
    "struct": {
      "mean_f_before": 0.0,
      "mean_f_after": 0.0,
      "mean_g_before": 0.22246018797159195,
      "mean_g_after": 0.22246018797159195,
      "count": 10
    }
  },
  "struct": {
    "code": {
      "mean_f_before": 0.4283690609037876,
      "mean_f_after": 0.4283690609037876,
      "mean_g_before": 0.026908059790730476,
      "mean_g_after": 0.026908059790730476,
      "count": 10
    },
    "harm": {
      "mean_f_before": 0.1052931398153305,
      "mean_f_after": 0.1052931398153305,
      "mean_g_before": 0.13093013437464834,
      "mean_g_after": 0.13093013437464834,
      "count": 10
    },
    "struct": {
      "mean_f_before": 0.0,
      "mean_f_after": 0.0,
      "mean_g_before": 0.22246018797159195,
      "mean_g_after": 0.22246018797159195,
      "count": 10
    }
  }
}