{
  "num_logs": 31,
  "before_mean": {
    "code": 0.4838709677419355,
    "harm": 0.12903225806451613,
    "struct": 0.9354838709677419
  },
  "after_mean": {
    "code": 0.5483870967741935,
    "harm": 0.12903225806451613,
    "struct": 0.8709677419354839
  },
  "delta_mean": {
    "code": 0.06451612903225806,
    "harm": 0.0,
    "struct": -0.06451612903225806
  },
  "by_loss_option": {
    "4": {
      "num_logs": 30,
      "before_mean": {
        "code": 0.5,
        "harm": 0.13333333333333333,
        "struct": 0.9666666666666667
      },
      "after_mean": {
        "code": 0.5666666666666667,
        "harm": 0.13333333333333333,
        "struct": 0.9
      },
      "delta_mean": {
        "code": 0.06666666666666667,
        "harm": 0.0,
        "struct": -0.06666666666666667
      }
    }
  },
  "by_steer_label": {
    "code": {
      "num_logs": 10,
      "before_mean": {
        "code": 0.5,
        "harm": 0.1,
        "struct": 1.0
      },
      "after_mean": {
        "code": 0.7,
        "harm": 0.1,
        "struct": 0.9
      },
      "delta_mean": {
        "code": 0.2,
        "harm": 0.0,
        "struct": -0.1
      }
    },
    "harm": {
      "num_logs": 10,
      "before_mean": {
        "code": 0.5,
        "harm": 0.1,
        "struct": 0.9
      },
      "after_mean": {
        "code": 0.5,
        "harm": 0.2,
        "struct": 0.8
      },
      "delta_mean": {
        "code": 0.0,
        "harm": 0.1,
        "struct": -0.1
      }
    },
    "struct": {
      "num_logs": 10,
      "before_mean": {
        "code": 0.5,
        "harm": 0.2,
        "struct": 1.0
      },
      "after_mean": {
        "code": 0.5,
        "harm": 0.1,
        "struct": 1.0
      },
      "delta_mean": {
        "code": 0.0,
        "harm": -0.1,
        "struct": 0.0
      }
    }
  }
}