{
  "code": {
    "code": {
      "mean_f_before": 0.42089291363954545,
      "mean_f_after": 0.42089291363954545,
      "mean_g_before": 0.2764629937708378,
      "mean_g_after": 0.2764629937708378,
      "count": 10
    },
    "harm": {
      "mean_f_before": 0.7942826747894287,
      "mean_f_after": 0.7942826747894287,
      "mean_g_before": 0.17183582615107298,
      "mean_g_after": 0.17183582615107298,
      "count": 10
    },
    "struct": {
      "mean_f_before": 0.0,
      "mean_f_after": 0.0,
      "mean_g_before": 0.4337019111961126,
      "mean_g_after": 0.4337019111961126,
      "count": 10
    }
  },
  "harm": {
    "code": {
      "mean_f_before": 0.42089291363954545,
      "mean_f_after": 0.42089291363954545,
      "mean_g_before": 0.2764629937708378,
      "mean_g_after": 0.2764629937708378,
      "count": 10
    },
    "harm": {
      "mean_f_before": 0.7942826747894287,
      "mean_f_after": 0.7942826747894287,
      "mean_g_before": 0.17183582615107298,
      "mean_g_after": 0.17183582615107298,
      "count": 10
    },
    "struct": {
      "mean_f_before": 0.0,
      "mean_f_after": 0.0,
      "mean_g_before": 0.4337019111961126,
      "mean_g_after": 0.4337019111961126,
      "count": 10
    }
  },
  "struct": {
    "code": {
      "mean_f_before": 0.42089291363954545,
      "mean_f_after": 0.42089291363954545,
      "mean_g_before": 0.2764629937708378,
      "mean_g_after": 0.2764629937708378,
      "count": 10
    },
    "harm": {
      "mean_f_before": 0.7942826747894287,
      "mean_f_after": 0.7942826747894287,
      "mean_g_before": 0.17183582615107298,
      "mean_g_after": 0.17183582615107298,
      "count": 10
    },
    "struct": {
      "mean_f_before": 0.0,
      "mean_f_after": 0.0,
      "mean_g_before": 0.4337019111961126,
      "mean_g_after": 0.4337019111961126,
      "count": 10
    }
  }
}