{
  "code": {
    "code": {
      "mean_f_before": 0.04324343204498291,
      "mean_f_after": 0.04324343204498291,
      "mean_g_before": 0.05695499014109373,
      "mean_g_after": 0.05695499014109373,
      "count": 10
    },
    "harm": {
      "mean_f_before": 2.601304239034653,
      "mean_f_after": 2.601304239034653,
      "mean_g_before": 0.2701686516404152,
      "mean_g_after": 0.2701686516404152,
      "count": 10
    },
    "struct": {
      "mean_f_before": 0.0,
      "mean_f_after": 0.0,
      "mean_g_before": 0.04457877688109875,
      "mean_g_after": 0.04457877688109875,
      "count": 10
    }
  },
  "harm": {
    "code": {
      "mean_f_before": 0.04324343204498291,
      "mean_f_after": 0.04324343204498291,
      "mean_g_before": 0.05695499014109373,
      "mean_g_after": 0.05695499014109373,
      "count": 10
    },
    "harm": {
      "mean_f_before": 2.601304239034653,
      "mean_f_after": 2.601304239034653,
      "mean_g_before": 0.2701686516404152,
      "mean_g_after": 0.2701686516404152,
      "count": 10
    },
    "struct": {
      "mean_f_before": 0.0,
      "mean_f_after": 0.0,
      "mean_g_before": 0.04457877688109875,
      "mean_g_after": 0.04457877688109875,
      "count": 10
    }
  },
  "struct": {
    "code": {
      "mean_f_before": 0.04324343204498291,
      "mean_f_after": 0.04324343204498291,
      "mean_g_before": 0.05695499014109373,
      "mean_g_after": 0.05695499014109373,
      "count": 10
    },
    "harm": {
      "mean_f_before": 2.601304239034653,
      "mean_f_after": 2.601304239034653,
      "mean_g_before": 0.2701686516404152,
      "mean_g_after": 0.2701686516404152,
      "count": 10
    },
    "struct": {
      "mean_f_before": 0.0,
      "mean_f_after": 0.0,
      "mean_g_before": 0.04457877688109875,
      "mean_g_after": 0.04457877688109875,
      "count": 10
    }
  }
}