{
  "code": {
    "code": {
      "mean_f_before": 0.0,
      "mean_f_after": 0.0,
      "mean_g_before": 0.047359085408970714,
      "mean_g_after": 0.047359085408970714,
      "count": 10
    },
    "harm": {
      "mean_f_before": 0.0,
      "mean_f_after": 0.0,
      "mean_g_before": 0.43060808070003986,
      "mean_g_after": 0.43060808070003986,
      "count": 10
    },
    "struct": {
      "mean_f_before": 0.0,
      "mean_f_after": 0.0,
      "mean_g_before": 0.028536843974143265,
      "mean_g_after": 0.028536843974143265,
      "count": 10
    }
  },
  "harm": {
    "code": {
      "mean_f_before": 0.0,
      "mean_f_after": 0.0,
      "mean_g_before": 0.047359085408970714,
      "mean_g_after": 0.047359085408970714,
      "count": 10
    },
    "harm": {
      "mean_f_before": 0.0,
      "mean_f_after": 0.0,
      "mean_g_before": 0.43060808070003986,
      "mean_g_after": 0.43060808070003986,
      "count": 10
    },
    "struct": {
      "mean_f_before": 0.0,
      "mean_f_after": 0.0,
      "mean_g_before": 0.028536843974143265,
      "mean_g_after": 0.028536843974143265,
      "count": 10
    }
  },
  "struct": {
    "code": {
      "mean_f_before": 0.0,
      "mean_f_after": 0.0,
      "mean_g_before": 0.047359085408970714,
      "mean_g_after": 0.047359085408970714,
      "count": 10
    },
    "harm": {
      "mean_f_before": 0.0,
      "mean_f_after": 0.0,
      "mean_g_before": 0.43060808070003986,
      "mean_g_after": 0.43060808070003986,
      "count": 10
    },
    "struct": {
      "mean_f_before": 0.0,
      "mean_f_after": 0.0,
      "mean_g_before": 0.028536843974143265,
      "mean_g_after": 0.028536843974143265,
      "count": 10
    }
  }
}