{
  "num_logs": 31,
  "before_mean": {
    "code": 0.4838709677419355,
    "harm": 0.1935483870967742,
    "struct": 0.967741935483871
  },
  "after_mean": {
    "code": 0.5161290322580645,
    "harm": 0.12903225806451613,
    "struct": 0.9032258064516129
  },
  "delta_mean": {
    "code": 0.03225806451612903,
    "harm": -0.06451612903225806,
    "struct": -0.06451612903225806
  },
  "by_loss_option": {
    "4": {
      "num_logs": 30,
      "before_mean": {
        "code": 0.5,
        "harm": 0.2,
        "struct": 1.0
      },
      "after_mean": {
        "code": 0.5333333333333333,
        "harm": 0.13333333333333333,
        "struct": 0.9333333333333333
      },
      "delta_mean": {
        "code": 0.03333333333333333,
        "harm": -0.06666666666666667,
        "struct": -0.06666666666666667
      }
    }
  },
  "by_steer_label": {
    "code": {
      "num_logs": 10,
      "before_mean": {
        "code": 0.5,
        "harm": 0.2,
        "struct": 1.0
      },
      "after_mean": {
        "code": 0.6,
        "harm": 0.1,
        "struct": 0.9
      },
      "delta_mean": {
        "code": 0.1,
        "harm": -0.1,
        "struct": -0.1
      }
    },
    "harm": {
      "num_logs": 10,
      "before_mean": {
        "code": 0.5,
        "harm": 0.2,
        "struct": 1.0
      },
      "after_mean": {
        "code": 0.5,
        "harm": 0.1,
        "struct": 1.0
      },
      "delta_mean": {
        "code": 0.0,
        "harm": -0.1,
        "struct": 0.0
      }
    },
    "struct": {
      "num_logs": 10,
      "before_mean": {
        "code": 0.5,
        "harm": 0.2,
        "struct": 1.0
      },
      "after_mean": {
        "code": 0.5,
        "harm": 0.2,
        "struct": 0.9
      },
      "delta_mean": {
        "code": 0.0,
        "harm": 0.0,
        "struct": -0.1
      }
    }
  }
}