{
  "code": {
    "code": {
      "mean_f_before": 0.0,
      "mean_f_after": 0.0,
      "mean_g_before": 0.7617065763566643,
      "mean_g_after": 0.7617065763566643,
      "count": 10
    },
    "harm": {
      "mean_f_before": 12.00644235610962,
      "mean_f_after": 12.00644235610962,
      "mean_g_before": 15.799043655395508,
      "mean_g_after": 15.799043655395508,
      "count": 10
    },
    "struct": {
      "mean_f_before": 0.0,
      "mean_f_after": 0.0,
      "mean_g_before": 0.00596465083071962,
      "mean_g_after": 0.00596465083071962,
      "count": 10
    }
  },
  "harm": {
    "code": {
      "mean_f_before": 0.0,
      "mean_f_after": 0.0,
      "mean_g_before": 0.7617065763566643,
      "mean_g_after": 0.7617065763566643,
      "count": 10
    },
    "harm": {
      "mean_f_before": 12.00644235610962,
      "mean_f_after": 12.00644235610962,
      "mean_g_before": 15.799043655395508,
      "mean_g_after": 15.799043655395508,
      "count": 10
    },
    "struct": {
      "mean_f_before": 0.0,
      "mean_f_after": 0.0,
      "mean_g_before": 0.00596465083071962,
      "mean_g_after": 0.00596465083071962,
      "count": 10
    }
  },
  "struct": {
    "code": {
      "mean_f_before": 0.0,
      "mean_f_after": 0.0,
      "mean_g_before": 0.7617065763566643,
      "mean_g_after": 0.7617065763566643,
      "count": 10
    },
    "harm": {
      "mean_f_before": 12.00644235610962,
      "mean_f_after": 12.00644235610962,
      "mean_g_before": 15.799043655395508,
      "mean_g_after": 15.799043655395508,
      "count": 10
    },
    "struct": {
      "mean_f_before": 0.0,
      "mean_f_after": 0.0,
      "mean_g_before": 0.00596465083071962,
      "mean_g_after": 0.00596465083071962,
      "count": 10
    }
  }
}