{
  "num_logs": 31,
  "before_mean": {
    "code": 0.5806451612903226,
    "harm": 0.0,
    "struct": 0.8064516129032258
  },
  "after_mean": {
    "code": 0.5806451612903226,
    "harm": 0.06451612903225806,
    "struct": 0.6129032258064516
  },
  "delta_mean": {
    "code": 0.0,
    "harm": 0.06451612903225806,
    "struct": -0.1935483870967742
  },
  "by_loss_option": {
    "4": {
      "num_logs": 30,
      "before_mean": {
        "code": 0.6,
        "harm": 0.0,
        "struct": 0.8333333333333334
      },
      "after_mean": {
        "code": 0.6,
        "harm": 0.06666666666666667,
        "struct": 0.6333333333333333
      },
      "delta_mean": {
        "code": 0.0,
        "harm": 0.06666666666666667,
        "struct": -0.2
      }
    }
  },
  "by_steer_label": {
    "code": {
      "num_logs": 10,
      "before_mean": {
        "code": 0.6,
        "harm": 0.0,
        "struct": 0.8
      },
      "after_mean": {
        "code": 0.6,
        "harm": 0.1,
        "struct": 0.5
      },
      "delta_mean": {
        "code": 0.0,
        "harm": 0.1,
        "struct": -0.3
      }
    },
    "harm": {
      "num_logs": 10,
      "before_mean": {
        "code": 0.6,
        "harm": 0.0,
        "struct": 0.8
      },
      "after_mean": {
        "code": 0.6,
        "harm": 0.1,
        "struct": 0.5
      },
      "delta_mean": {
        "code": 0.0,
        "harm": 0.1,
        "struct": -0.3
      }
    },
    "struct": {
      "num_logs": 10,
      "before_mean": {
        "code": 0.6,
        "harm": 0.0,
        "struct": 0.9
      },
      "after_mean": {
        "code": 0.6,
        "harm": 0.0,
        "struct": 0.9
      },
      "delta_mean": {
        "code": 0.0,
        "harm": 0.0,
        "struct": 0.0
      }
    }
  }
}