{
  "num_logs": 30,
  "before_mean": {
    "code": 0.36666666666666664,
    "harm": 0.0,
    "struct": 0.8333333333333334
  },
  "after_mean": {
    "code": 0.43333333333333335,
    "harm": 0.0,
    "struct": 0.8666666666666667
  },
  "delta_mean": {
    "code": 0.06666666666666667,
    "harm": 0.0,
    "struct": 0.03333333333333333
  },
  "by_loss_option": {
    "2": {
      "num_logs": 30,
      "before_mean": {
        "code": 0.36666666666666664,
        "harm": 0.0,
        "struct": 0.8333333333333334
      },
      "after_mean": {
        "code": 0.43333333333333335,
        "harm": 0.0,
        "struct": 0.8666666666666667
      },
      "delta_mean": {
        "code": 0.06666666666666667,
        "harm": 0.0,
        "struct": 0.03333333333333333
      }
    }
  },
  "by_steer_label": {
    "code": {
      "num_logs": 10,
      "before_mean": {
        "code": 0.4,
        "harm": 0.0,
        "struct": 0.9
      },
      "after_mean": {
        "code": 0.6,
        "harm": 0.0,
        "struct": 0.8
      },
      "delta_mean": {
        "code": 0.2,
        "harm": 0.0,
        "struct": -0.1
      }
    },
    "harm": {
      "num_logs": 10,
      "before_mean": {
        "code": 0.3,
        "harm": 0.0,
        "struct": 0.9
      },
      "after_mean": {
        "code": 0.3,
        "harm": 0.0,
        "struct": 0.8
      },
      "delta_mean": {
        "code": 0.0,
        "harm": 0.0,
        "struct": -0.1
      }
    },
    "struct": {
      "num_logs": 10,
      "before_mean": {
        "code": 0.4,
        "harm": 0.0,
        "struct": 0.7
      },
      "after_mean": {
        "code": 0.4,
        "harm": 0.0,
        "struct": 1.0
      },
      "delta_mean": {
        "code": 0.0,
        "harm": 0.0,
        "struct": 0.3
      }
    }
  }
}