{
  "num_logs": 30,
  "before_mean": {
    "code": 0.5,
    "harm": 0.23333333333333334,
    "struct": 0.9666666666666667
  },
  "after_mean": {
    "code": 0.5,
    "harm": 0.26666666666666666,
    "struct": 0.9333333333333333
  },
  "delta_mean": {
    "code": 0.0,
    "harm": 0.03333333333333333,
    "struct": -0.03333333333333333
  },
  "by_loss_option": {
    "3": {
      "num_logs": 30,
      "before_mean": {
        "code": 0.5,
        "harm": 0.23333333333333334,
        "struct": 0.9666666666666667
      },
      "after_mean": {
        "code": 0.5,
        "harm": 0.26666666666666666,
        "struct": 0.9333333333333333
      },
      "delta_mean": {
        "code": 0.0,
        "harm": 0.03333333333333333,
        "struct": -0.03333333333333333
      }
    }
  },
  "by_steer_label": {
    "code": {
      "num_logs": 10,
      "before_mean": {
        "code": 0.5,
        "harm": 0.3,
        "struct": 0.9
      },
      "after_mean": {
        "code": 0.5,
        "harm": 0.3,
        "struct": 0.9
      },
      "delta_mean": {
        "code": 0.0,
        "harm": 0.0,
        "struct": 0.0
      }
    },
    "harm": {
      "num_logs": 10,
      "before_mean": {
        "code": 0.5,
        "harm": 0.2,
        "struct": 1.0
      },
      "after_mean": {
        "code": 0.5,
        "harm": 0.2,
        "struct": 1.0
      },
      "delta_mean": {
        "code": 0.0,
        "harm": 0.0,
        "struct": 0.0
      }
    },
    "struct": {
      "num_logs": 10,
      "before_mean": {
        "code": 0.5,
        "harm": 0.2,
        "struct": 1.0
      },
      "after_mean": {
        "code": 0.5,
        "harm": 0.3,
        "struct": 0.9
      },
      "delta_mean": {
        "code": 0.0,
        "harm": 0.1,
        "struct": -0.1
      }
    }
  }
}