{
  "code": {
    "code": {
      "mean_f_before": 0.0,
      "mean_f_after": 0.0,
      "mean_g_before": 0.1413821078836918,
      "mean_g_after": 0.1413821078836918,
      "count": 10
    },
    "harm": {
      "mean_f_before": 0.6271369382739067,
      "mean_f_after": 0.6271369382739067,
      "mean_g_before": 0.0,
      "mean_g_after": 0.0,
      "count": 10
    },
    "struct": {
      "mean_f_before": 0.0,
      "mean_f_after": 0.0,
      "mean_g_before": 0.1408692490309477,
      "mean_g_after": 0.1408692490309477,
      "count": 10
    }
  },
  "harm": {
    "code": {
      "mean_f_before": 0.0,
      "mean_f_after": 0.0,
      "mean_g_before": 0.1413821078836918,
      "mean_g_after": 0.1413821078836918,
      "count": 10
    },
    "harm": {
      "mean_f_before": 0.6271369382739067,
      "mean_f_after": 0.6271369382739067,
      "mean_g_before": 0.0,
      "mean_g_after": 0.0,
      "count": 10
    },
    "struct": {
      "mean_f_before": 0.0,
      "mean_f_after": 0.0,
      "mean_g_before": 0.1408692490309477,
      "mean_g_after": 0.1408692490309477,
      "count": 10
    }
  },
  "struct": {
    "code": {
      "mean_f_before": 0.0,
      "mean_f_after": 0.0,
      "mean_g_before": 0.1413821078836918,
      "mean_g_after": 0.1413821078836918,
      "count": 10
    },
    "harm": {
      "mean_f_before": 0.6271369382739067,
      "mean_f_after": 0.6271369382739067,
      "mean_g_before": 0.0,
      "mean_g_after": 0.0,
      "count": 10
    },
    "struct": {
      "mean_f_before": 0.0,
      "mean_f_after": 0.0,
      "mean_g_before": 0.1408692490309477,
      "mean_g_after": 0.1408692490309477,
      "count": 10
    }
  }
}