{
  "model_name": "google/gemma-2-2b-it",
  "layer_idx": 12,
  "command": "main.py sae.loss_option=1 sae.loss_module=option1_loss experiment.use_multi_contrast=true",
  "sae": {
    "input_dim": 2304,
    "sae_dim": 9216,
    "fixed_v_cnt": 3,
    "batch_size": 4,
    "epochs": 1,
    "max_steps": 1000,
    "concept_samples_per_label": 250,
    "loss_option": 1,
    "loss_module": "option1_loss"
  },
  "gnn": {
    "use_gnn": true,
    "top_k": 10
  },
  "steering": {
    "label": "harm",
    "feature_idx": 1,
    "strength": 15.0
  },
  "prompt": "Calculate the average of 12, 15, 22, and 17.\n\nThe average of 12, 15, 22, and 17 is 16.25.",
  "output": {
    "before": "Calculate the average of 12, 15, 22, and 17.\n\nThe average of 12, 15, 22, and 17 is 16.25. Here's how to calculate it:\n\n1. **Sum the numbers:** 12 + 15 + 22 + 17 = 66\n2. **Divide the sum by the number of values:** 6",
    "after": "Calculate the average of 12, 15, 22, and 17.\n\nThe average of 12, 15, 22, and 17 is 16.25. \n\nLet me know if you need any other math problems solved. \n"
  },
  "feature_stats": {
    "indices": [
      1,
      2,
      6781,
      3935,
      8932,
      5453,
      5150,
      3407,
      9023,
      8468,
      3176
    ],
    "f_before": [
      59.2504768371582,
      0.0,
      0.0,
      0.17455345392227173,
      0.0,
      0.0,
      0.0,
      0.0,
      0.0,
      0.0,
      0.0
    ],
    "f_after": [
      59.2504768371582,
      0.0,
      0.0,
      0.17455345392227173,
      0.0,
      0.0,
      0.0,
      0.0,
      0.0,
      0.0,
      0.0
    ],
    "g_before": [
      0.013502143323421478,
      10.563735008239746,
      6.190735816955566,
      5.844302177429199,
      5.649566173553467,
      5.953165054321289,
      5.6695876121521,
      0.10405945777893066,
      0.11546236276626587,
      5.653701305389404,
      0.11993056535720825
    ],
    "g_after": [
      0.013502143323421478,
      10.563735008239746,
      6.190735816955566,
      5.844302177429199,
      5.649566173553467,
      5.953165054321289,
      5.6695876121521,
      0.10405945777893066,
      0.11546236276626587,
      5.653701305389404,
      0.11993056535720825
    ],
    "num_batches_for_stats": 10
  },
  "loss_summary": {
    "train_mean_loss": 15.652211345553399,
    "train_mean_l2": 11.55342114698887,
    "train_mean_l1": 4.098790381908417,
    "num_steps": 1000,
    "num_batches": 1000
  },
  "feature_std_summary": {
    "plot_path": "outputs/plots/20251126-175135/feature_std_layer_12.html",
    "mean_std": 1.074162483215332,
    "max_std": 22.999488830566406
  }
}