{
  "model_name": "google/gemma-2-2b-it",
  "layer_idx": 12,
  "command": "main.py sae.loss_option=1 sae.loss_module=option1_loss experiment.use_multi_contrast=true",
  "sae": {
    "input_dim": 2304,
    "sae_dim": 9216,
    "fixed_v_cnt": 3,
    "batch_size": 4,
    "epochs": 1,
    "max_steps": 1000,
    "concept_samples_per_label": 250,
    "loss_option": 1,
    "loss_module": "option1_loss"
  },
  "gnn": {
    "use_gnn": true,
    "top_k": 10
  },
  "steering": {
    "label": "struct",
    "feature_idx": 2,
    "strength": 15.0
  },
  "prompt": "Calculate the average of 12, 15, 22, and 17.\n\nThe average of 12, 15, 22, and 17 is 16.25.",
  "output": {
    "before": "Calculate the average of 12, 15, 22, and 17.\n\nThe average of 12, 15, 22, and 17 is 16.25. Here's how to calculate it:\n\n1. **Sum all the numbers:** 12 + 15 + 22 + 17 = 66\n2. **Divide the sum by the number of values:** ",
    "after": "Calculate the average of 12, 15, 22, and 17.\n\nThe average of 12, 15, 22, and 17 is 16.25."
  },
  "feature_stats": {
    "indices": [
      2,
      0,
      1,
      418,
      5597,
      1641,
      5933,
      8191,
      2275,
      3814,
      5780
    ],
    "f_before": [
      0.0,
      0.0,
      59.2504768371582,
      0.05440860614180565,
      0.0,
      0.2897809147834778,
      0.0,
      0.0,
      0.0,
      0.0,
      0.0
    ],
    "f_after": [
      0.0,
      0.0,
      59.2504768371582,
      0.05440860614180565,
      0.0,
      0.2897809147834778,
      0.0,
      0.0,
      0.0,
      0.0,
      0.0
    ],
    "g_before": [
      10.563735008239746,
      0.018067846074700356,
      0.013502143323421478,
      0.0,
      0.0,
      0.02081139199435711,
      0.19928959012031555,
      0.05248579382896423,
      0.07194702327251434,
      0.06785573065280914,
      0.0
    ],
    "g_after": [
      10.563735008239746,
      0.018067846074700356,
      0.013502143323421478,
      0.0,
      0.0,
      0.02081139199435711,
      0.19928959012031555,
      0.05248579382896423,
      0.07194702327251434,
      0.06785573065280914,
      0.0
    ],
    "num_batches_for_stats": 10
  },
  "loss_summary": {
    "train_mean_loss": 15.652211345553399,
    "train_mean_l2": 11.55342114698887,
    "train_mean_l1": 4.098790381908417,
    "num_steps": 1000,
    "num_batches": 1000
  },
  "feature_std_summary": {
    "plot_path": "outputs/plots/20251126-175135/feature_std_layer_12.html",
    "mean_std": 1.074162483215332,
    "max_std": 22.999488830566406
  }
}