{
  "model_name": "google/gemma-2-2b-it",
  "layer_idx": 12,
  "sae": {
    "input_dim": 2304,
    "sae_dim": 9216,
    "fixed_v_cnt": 1
  },
  "gnn": {
    "use_gnn": true,
    "top_k": 10
  },
  "steering": {
    "feature_idx": 0,
    "strength": 15.0
  },
  "prompt": "How to sort a list?",
  "output": {
    "before": "How to sort a list?\n\n**Understanding the Problem**\n\nYou have a list of items, and you want to arrange them in a specific order. This is a fundamental task in programming and computer science. The goal is to organize the items based on a defined criterion, such",
    "after": "How to sort a list?\n\n```python\nmy_list = [3, 1, 4, 2, 5]\nprint(f\"Original list: {my_list}\")\n\n# Sort the list in ascending order\nmy_list.sort"
  },
  "feature_stats": {
    "indices": [
      0,
      3673,
      313,
      6479,
      1643,
      1419,
      7898,
      4899,
      5193,
      8456,
      2588
    ],
    "f_before": [
      0.0,
      0.9306419491767883,
      0.3343650698661804,
      0.0,
      0.0,
      0.0,
      0.0,
      0.0,
      0.0,
      0.0,
      0.0
    ],
    "f_after": [
      0.0,
      0.9306419491767883,
      0.3343650698661804,
      0.0,
      0.0,
      0.0,
      0.0,
      0.0,
      0.0,
      0.0,
      0.0
    ],
    "g_before": [
      0.13565561175346375,
      0.8383177518844604,
      1.3432393074035645,
      1.1035770177841187,
      0.8483930826187134,
      0.5707745552062988,
      0.40605759620666504,
      1.3101491928100586,
      2.9688987731933594,
      0.0,
      1.718672275543213
    ],
    "g_after": [
      0.13565561175346375,
      0.8383177518844604,
      1.3432393074035645,
      1.1035770177841187,
      0.8483930826187134,
      0.5707745552062988,
      0.40605759620666504,
      1.3101491928100586,
      2.9688987731933594,
      0.0,
      1.718672275543213
    ]
  },
  "loss_summary": {
    "train_mean_loss": 79.01207226371766,
    "train_mean_l2": 56.25212724539637,
    "train_mean_l1": 22.7599464533329,
    "num_steps": 1000,
    "num_batches": 1000
  },
  "feature_std_summary": {
    "plot_path": "outputs/plots/20251124-225633/feature_std_layer_12.html",
    "mean_std": 0.6957318782806396,
    "max_std": 34.63758087158203
  }
}