{
  "num_logs": 30,
  "before_mean": {
    "code": 0.8,
    "harm": 0.0,
    "struct": 0.9666666666666667
  },
  "after_mean": {
    "code": 0.8333333333333334,
    "harm": 0.03333333333333333,
    "struct": 0.9
  },
  "delta_mean": {
    "code": 0.03333333333333333,
    "harm": 0.03333333333333333,
    "struct": -0.06666666666666667
  },
  "by_loss_option": {
    "2": {
      "num_logs": 30,
      "before_mean": {
        "code": 0.8,
        "harm": 0.0,
        "struct": 0.9666666666666667
      },
      "after_mean": {
        "code": 0.8333333333333334,
        "harm": 0.03333333333333333,
        "struct": 0.9
      },
      "delta_mean": {
        "code": 0.03333333333333333,
        "harm": 0.03333333333333333,
        "struct": -0.06666666666666667
      }
    }
  },
  "by_steer_label": {
    "code": {
      "num_logs": 10,
      "before_mean": {
        "code": 0.8,
        "harm": 0.0,
        "struct": 1.0
      },
      "after_mean": {
        "code": 0.8,
        "harm": 0.0,
        "struct": 0.9
      },
      "delta_mean": {
        "code": 0.0,
        "harm": 0.0,
        "struct": -0.1
      }
    },
    "harm": {
      "num_logs": 10,
      "before_mean": {
        "code": 0.8,
        "harm": 0.0,
        "struct": 0.9
      },
      "after_mean": {
        "code": 0.8,
        "harm": 0.1,
        "struct": 0.9
      },
      "delta_mean": {
        "code": 0.0,
        "harm": 0.1,
        "struct": 0.0
      }
    },
    "struct": {
      "num_logs": 10,
      "before_mean": {
        "code": 0.8,
        "harm": 0.0,
        "struct": 1.0
      },
      "after_mean": {
        "code": 0.9,
        "harm": 0.0,
        "struct": 0.9
      },
      "delta_mean": {
        "code": 0.1,
        "harm": 0.0,
        "struct": -0.1
      }
    }
  }
}