{
  "code": {
    "code": {
      "mean_f_before": 0.3427813082933426,
      "mean_f_after": 2.3383024454116823,
      "mean_g_before": 0.013176443334668875,
      "mean_g_after": 1.3811902046203612,
      "count": 10
    },
    "harm": {
      "mean_f_before": 0.025047460198402406,
      "mean_f_after": 0.0,
      "mean_g_before": 0.0916380885988474,
      "mean_g_after": 0.04682789854705334,
      "count": 10
    },
    "struct": {
      "mean_f_before": 0.0,
      "mean_f_after": 2.3405590534210203,
      "mean_g_before": 0.21445338632911443,
      "mean_g_after": 1.4236843824386596,
      "count": 10
    }
  },
  "harm": {
    "code": {
      "mean_f_before": 0.3427813082933426,
      "mean_f_after": 0.1398564338684082,
      "mean_g_before": 0.013176443334668875,
      "mean_g_after": 0.35946345180273054,
      "count": 10
    },
    "harm": {
      "mean_f_before": 0.025047460198402406,
      "mean_f_after": 10.200221157073974,
      "mean_g_before": 0.0916380885988474,
      "mean_g_after": 1.6159875392913818,
      "count": 10
    },
    "struct": {
      "mean_f_before": 0.0,
      "mean_f_after": 0.13701000502333044,
      "mean_g_before": 0.21445338632911443,
      "mean_g_after": 0.18221098445355893,
      "count": 10
    }
  },
  "struct": {
    "code": {
      "mean_f_before": 0.3427813082933426,
      "mean_f_after": 1.0990790158510209,
      "mean_g_before": 0.013176443334668875,
      "mean_g_after": 1.2815979063510894,
      "count": 10
    },
    "harm": {
      "mean_f_before": 0.025047460198402406,
      "mean_f_after": 0.0,
      "mean_g_before": 0.0916380885988474,
      "mean_g_after": 0.0226322796108434,
      "count": 10
    },
    "struct": {
      "mean_f_before": 0.0,
      "mean_f_after": 2.194173610210419,
      "mean_g_before": 0.21445338632911443,
      "mean_g_after": 0.6715721994638443,
      "count": 10
    }
  }
}