{
  "num_logs": 30,
  "before_mean": {
    "code": 0.6333333333333333,
    "harm": 0.0,
    "struct": 0.9666666666666667
  },
  "after_mean": {
    "code": 0.6333333333333333,
    "harm": 0.06666666666666667,
    "struct": 0.7666666666666667
  },
  "delta_mean": {
    "code": 0.0,
    "harm": 0.06666666666666667,
    "struct": -0.2
  },
  "by_loss_option": {
    "2": {
      "num_logs": 30,
      "before_mean": {
        "code": 0.6333333333333333,
        "harm": 0.0,
        "struct": 0.9666666666666667
      },
      "after_mean": {
        "code": 0.6333333333333333,
        "harm": 0.06666666666666667,
        "struct": 0.7666666666666667
      },
      "delta_mean": {
        "code": 0.0,
        "harm": 0.06666666666666667,
        "struct": -0.2
      }
    }
  },
  "by_steer_label": {
    "code": {
      "num_logs": 10,
      "before_mean": {
        "code": 0.7,
        "harm": 0.0,
        "struct": 1.0
      },
      "after_mean": {
        "code": 0.7,
        "harm": 0.0,
        "struct": 0.8
      },
      "delta_mean": {
        "code": 0.0,
        "harm": 0.0,
        "struct": -0.2
      }
    },
    "harm": {
      "num_logs": 10,
      "before_mean": {
        "code": 0.6,
        "harm": 0.0,
        "struct": 0.9
      },
      "after_mean": {
        "code": 0.6,
        "harm": 0.2,
        "struct": 0.7
      },
      "delta_mean": {
        "code": 0.0,
        "harm": 0.2,
        "struct": -0.2
      }
    },
    "struct": {
      "num_logs": 10,
      "before_mean": {
        "code": 0.6,
        "harm": 0.0,
        "struct": 1.0
      },
      "after_mean": {
        "code": 0.6,
        "harm": 0.0,
        "struct": 0.8
      },
      "delta_mean": {
        "code": 0.0,
        "harm": 0.0,
        "struct": -0.2
      }
    }
  }
}