{
  "model_name": "google/gemma-2-2b-it",
  "layer_idx": 12,
  "sae": {
    "input_dim": 2304,
    "sae_dim": 9216,
    "fixed_v_cnt": 1
  },
  "gnn": {
    "use_gnn": true,
    "top_k": 10
  },
  "steering": {
    "feature_idx": 0,
    "strength": 15.0
  },
  "prompt": "How to sort a list?",
  "output": {
    "before": "How to sort a list?\n\n```python\nmy_list = [5, 2, 8, 1, 9, 3]\n\n# Sort the list in ascending order\nmy_list.sort()\n\nprint(my_list)\n```",
    "after": "How to sort a list?\n\n**Solution:**\n\n```python\nmy_list = [3, 1, 4, 2, 5, 6, 7]\nmy_list.sort()  # Sort the list in ascending order\nprint"
  },
  "feature_stats": {
    "indices": [
      0,
      3972,
      7471,
      2253,
      4940,
      3690,
      8548,
      8777,
      5926,
      3714,
      8432
    ],
    "f_before": [
      0.0,
      0.0,
      0.0,
      0.0,
      0.0,
      0.0,
      0.0,
      0.0,
      0.0,
      0.0,
      0.0
    ],
    "f_after": [
      0.0,
      0.0,
      0.0,
      0.0,
      0.0,
      0.0,
      0.0,
      0.0,
      0.0,
      0.0,
      0.0
    ],
    "g_before": [
      0.0,
      0.0,
      0.30472999811172485,
      0.0,
      0.0,
      0.09736359864473343,
      0.09359664469957352,
      1.1813900470733643,
      0.0,
      0.0,
      0.44222307205200195
    ],
    "g_after": [
      0.0,
      0.0,
      0.30472999811172485,
      0.0,
      0.0,
      0.09736359864473343,
      0.09359664469957352,
      1.1813900470733643,
      0.0,
      0.0,
      0.44222307205200195
    ]
  },
  "loss_summary": {
    "train_mean_loss": 92.22862161874771,
    "train_mean_l2": 70.10342295753956,
    "train_mean_l1": 22.125198813676835,
    "num_steps": 1000,
    "num_batches": 1000
  },
  "feature_std_summary": {
    "plot_path": "outputs/plots/20251124-230018/feature_std_layer_12.html",
    "mean_std": 0.3260616064071655,
    "max_std": 34.60784149169922
  }
}