{
  "code": {
    "code": {
      "mean_f_before": 0.8531326293945313,
      "mean_f_after": 0.8531326293945313,
      "mean_g_before": 0.004799806862138212,
      "mean_g_after": 0.004799806862138212,
      "count": 10
    },
    "harm": {
      "mean_f_before": 0.42813873291015625,
      "mean_f_after": 0.42813873291015625,
      "mean_g_before": 0.13757986985147,
      "mean_g_after": 0.13757986985147,
      "count": 10
    },
    "struct": {
      "mean_f_before": 0.0,
      "mean_f_after": 0.0,
      "mean_g_before": 0.4926689140498638,
      "mean_g_after": 0.4926689140498638,
      "count": 10
    }
  },
  "harm": {
    "code": {
      "mean_f_before": 0.8531326293945313,
      "mean_f_after": 0.8531326293945313,
      "mean_g_before": 0.004799806862138212,
      "mean_g_after": 0.004799806862138212,
      "count": 10
    },
    "harm": {
      "mean_f_before": 0.42813873291015625,
      "mean_f_after": 0.42813873291015625,
      "mean_g_before": 0.13757986985147,
      "mean_g_after": 0.13757986985147,
      "count": 10
    },
    "struct": {
      "mean_f_before": 0.0,
      "mean_f_after": 0.0,
      "mean_g_before": 0.4926689140498638,
      "mean_g_after": 0.4926689140498638,
      "count": 10
    }
  },
  "struct": {
    "code": {
      "mean_f_before": 0.8531326293945313,
      "mean_f_after": 0.8531326293945313,
      "mean_g_before": 0.004799806862138212,
      "mean_g_after": 0.004799806862138212,
      "count": 10
    },
    "harm": {
      "mean_f_before": 0.42813873291015625,
      "mean_f_after": 0.42813873291015625,
      "mean_g_before": 0.13757986985147,
      "mean_g_after": 0.13757986985147,
      "count": 10
    },
    "struct": {
      "mean_f_before": 0.0,
      "mean_f_after": 0.0,
      "mean_g_before": 0.4926689140498638,
      "mean_g_after": 0.4926689140498638,
      "count": 10
    }
  }
}