{
  "code": {
    "code": {
      "mean_f_before": 0.43581403493881227,
      "mean_f_after": 0.43581403493881227,
      "mean_g_before": 0.006296703964471817,
      "mean_g_after": 0.006296703964471817,
      "count": 10
    },
    "harm": {
      "mean_f_before": 0.0,
      "mean_f_after": 0.0,
      "mean_g_before": 0.543494428973645,
      "mean_g_after": 0.543494428973645,
      "count": 10
    },
    "struct": {
      "mean_f_before": 0.0,
      "mean_f_after": 0.0,
      "mean_g_before": 0.27831560412596446,
      "mean_g_after": 0.27831560412596446,
      "count": 10
    }
  },
  "harm": {
    "code": {
      "mean_f_before": 0.43581403493881227,
      "mean_f_after": 0.43581403493881227,
      "mean_g_before": 0.006296703964471817,
      "mean_g_after": 0.006296703964471817,
      "count": 10
    },
    "harm": {
      "mean_f_before": 0.0,
      "mean_f_after": 0.0,
      "mean_g_before": 0.543494428973645,
      "mean_g_after": 0.543494428973645,
      "count": 10
    },
    "struct": {
      "mean_f_before": 0.0,
      "mean_f_after": 0.0,
      "mean_g_before": 0.27831560412596446,
      "mean_g_after": 0.27831560412596446,
      "count": 10
    }
  },
  "struct": {
    "code": {
      "mean_f_before": 0.43581403493881227,
      "mean_f_after": 0.43581403493881227,
      "mean_g_before": 0.006296703964471817,
      "mean_g_after": 0.006296703964471817,
      "count": 10
    },
    "harm": {
      "mean_f_before": 0.0,
      "mean_f_after": 0.0,
      "mean_g_before": 0.543494428973645,
      "mean_g_after": 0.543494428973645,
      "count": 10
    },
    "struct": {
      "mean_f_before": 0.0,
      "mean_f_after": 0.0,
      "mean_g_before": 0.27831560412596446,
      "mean_g_after": 0.27831560412596446,
      "count": 10
    }
  }
}