{
  "code": {
    "code": {
      "mean_f_before": 0.0,
      "mean_f_after": 0.0,
      "mean_g_before": 0.010174500942230224,
      "mean_g_after": 0.010174500942230224,
      "count": 10
    },
    "harm": {
      "mean_f_before": 57.00632239580155,
      "mean_f_after": 57.00632239580155,
      "mean_g_before": 0.4354831263422966,
      "mean_g_after": 0.4354831263422966,
      "count": 10
    },
    "struct": {
      "mean_f_before": 0.0,
      "mean_f_after": 0.0,
      "mean_g_before": 0.0,
      "mean_g_after": 0.0,
      "count": 10
    }
  },
  "harm": {
    "code": {
      "mean_f_before": 0.0,
      "mean_f_after": 0.0,
      "mean_g_before": 0.010174500942230224,
      "mean_g_after": 0.010174500942230224,
      "count": 10
    },
    "harm": {
      "mean_f_before": 57.00632239580155,
      "mean_f_after": 57.00632239580155,
      "mean_g_before": 0.4354831263422966,
      "mean_g_after": 0.4354831263422966,
      "count": 10
    },
    "struct": {
      "mean_f_before": 0.0,
      "mean_f_after": 0.0,
      "mean_g_before": 0.0,
      "mean_g_after": 0.0,
      "count": 10
    }
  },
  "struct": {
    "code": {
      "mean_f_before": 0.0,
      "mean_f_after": 0.0,
      "mean_g_before": 0.010174500942230224,
      "mean_g_after": 0.010174500942230224,
      "count": 10
    },
    "harm": {
      "mean_f_before": 57.00632239580155,
      "mean_f_after": 57.00632239580155,
      "mean_g_before": 0.4354831263422966,
      "mean_g_after": 0.4354831263422966,
      "count": 10
    },
    "struct": {
      "mean_f_before": 0.0,
      "mean_f_after": 0.0,
      "mean_g_before": 0.0,
      "mean_g_after": 0.0,
      "count": 10
    }
  }
}