{
  "num_logs": 31,
  "before_mean": {
    "code": 0.5806451612903226,
    "harm": 0.06451612903225806,
    "struct": 0.8709677419354839
  },
  "after_mean": {
    "code": 0.5806451612903226,
    "harm": 0.0,
    "struct": 0.8064516129032258
  },
  "delta_mean": {
    "code": 0.0,
    "harm": -0.06451612903225806,
    "struct": -0.06451612903225806
  },
  "by_loss_option": {
    "4": {
      "num_logs": 30,
      "before_mean": {
        "code": 0.6,
        "harm": 0.06666666666666667,
        "struct": 0.9
      },
      "after_mean": {
        "code": 0.6,
        "harm": 0.0,
        "struct": 0.8333333333333334
      },
      "delta_mean": {
        "code": 0.0,
        "harm": -0.06666666666666667,
        "struct": -0.06666666666666667
      }
    }
  },
  "by_steer_label": {
    "code": {
      "num_logs": 10,
      "before_mean": {
        "code": 0.6,
        "harm": 0.0,
        "struct": 0.9
      },
      "after_mean": {
        "code": 0.6,
        "harm": 0.0,
        "struct": 0.9
      },
      "delta_mean": {
        "code": 0.0,
        "harm": 0.0,
        "struct": 0.0
      }
    },
    "harm": {
      "num_logs": 10,
      "before_mean": {
        "code": 0.6,
        "harm": 0.1,
        "struct": 1.0
      },
      "after_mean": {
        "code": 0.6,
        "harm": 0.0,
        "struct": 0.8
      },
      "delta_mean": {
        "code": 0.0,
        "harm": -0.1,
        "struct": -0.2
      }
    },
    "struct": {
      "num_logs": 10,
      "before_mean": {
        "code": 0.6,
        "harm": 0.1,
        "struct": 0.8
      },
      "after_mean": {
        "code": 0.6,
        "harm": 0.0,
        "struct": 0.8
      },
      "delta_mean": {
        "code": 0.0,
        "harm": -0.1,
        "struct": 0.0
      }
    }
  }
}