{
  "code": {
    "code": {
      "mean_f_before": 0.725198344886303,
      "mean_f_after": 0.725198344886303,
      "mean_g_before": 0.19173645223490893,
      "mean_g_after": 0.19173645223490893,
      "count": 10
    },
    "harm": {
      "mean_f_before": 0.08857230246067047,
      "mean_f_after": 0.08857230246067047,
      "mean_g_before": 0.43405200387351217,
      "mean_g_after": 0.43405200387351217,
      "count": 10
    },
    "struct": {
      "mean_f_before": 0.3372672528028488,
      "mean_f_after": 0.3372672528028488,
      "mean_g_before": 0.33368001878261566,
      "mean_g_after": 0.33368001878261566,
      "count": 10
    }
  },
  "harm": {
    "code": {
      "mean_f_before": 0.725198344886303,
      "mean_f_after": 0.725198344886303,
      "mean_g_before": 0.19173645223490893,
      "mean_g_after": 0.19173645223490893,
      "count": 10
    },
    "harm": {
      "mean_f_before": 0.08857230246067047,
      "mean_f_after": 0.08857230246067047,
      "mean_g_before": 0.43405200387351217,
      "mean_g_after": 0.43405200387351217,
      "count": 10
    },
    "struct": {
      "mean_f_before": 0.3372672528028488,
      "mean_f_after": 0.3372672528028488,
      "mean_g_before": 0.33368001878261566,
      "mean_g_after": 0.33368001878261566,
      "count": 10
    }
  },
  "struct": {
    "code": {
      "mean_f_before": 0.725198344886303,
      "mean_f_after": 0.725198344886303,
      "mean_g_before": 0.19173645223490893,
      "mean_g_after": 0.19173645223490893,
      "count": 10
    },
    "harm": {
      "mean_f_before": 0.08857230246067047,
      "mean_f_after": 0.08857230246067047,
      "mean_g_before": 0.43405200387351217,
      "mean_g_after": 0.43405200387351217,
      "count": 10
    },
    "struct": {
      "mean_f_before": 0.3372672528028488,
      "mean_f_after": 0.3372672528028488,
      "mean_g_before": 0.33368001878261566,
      "mean_g_after": 0.33368001878261566,
      "count": 10
    }
  }
}