{
  "code": {
    "code": {
      "mean_f_before": 0.45640137791633606,
      "mean_f_after": 0.45640137791633606,
      "mean_g_before": 0.09068194087594747,
      "mean_g_after": 0.09068194087594747,
      "count": 10
    },
    "harm": {
      "mean_f_before": 0.0,
      "mean_f_after": 0.0,
      "mean_g_before": 0.26645433716475964,
      "mean_g_after": 0.26645433716475964,
      "count": 10
    },
    "struct": {
      "mean_f_before": 0.17236847816966475,
      "mean_f_after": 0.17236847816966475,
      "mean_g_before": 0.20084367895033212,
      "mean_g_after": 0.20084367895033212,
      "count": 10
    }
  },
  "harm": {
    "code": {
      "mean_f_before": 0.45640137791633606,
      "mean_f_after": 0.45640137791633606,
      "mean_g_before": 0.09068194087594747,
      "mean_g_after": 0.09068194087594747,
      "count": 10
    },
    "harm": {
      "mean_f_before": 0.0,
      "mean_f_after": 0.0,
      "mean_g_before": 0.26645433716475964,
      "mean_g_after": 0.26645433716475964,
      "count": 10
    },
    "struct": {
      "mean_f_before": 0.17236847816966475,
      "mean_f_after": 0.17236847816966475,
      "mean_g_before": 0.20084367895033212,
      "mean_g_after": 0.20084367895033212,
      "count": 10
    }
  },
  "struct": {
    "code": {
      "mean_f_before": 0.45640137791633606,
      "mean_f_after": 0.45640137791633606,
      "mean_g_before": 0.09068194087594747,
      "mean_g_after": 0.09068194087594747,
      "count": 10
    },
    "harm": {
      "mean_f_before": 0.0,
      "mean_f_after": 0.0,
      "mean_g_before": 0.26645433716475964,
      "mean_g_after": 0.26645433716475964,
      "count": 10
    },
    "struct": {
      "mean_f_before": 0.17236847816966475,
      "mean_f_after": 0.17236847816966475,
      "mean_g_before": 0.20084367895033212,
      "mean_g_after": 0.20084367895033212,
      "count": 10
    }
  }
}