{
  "num_logs": 31,
  "before_mean": {
    "code": 0.5806451612903226,
    "harm": 0.0967741935483871,
    "struct": 0.8709677419354839
  },
  "after_mean": {
    "code": 0.6774193548387096,
    "harm": 0.12903225806451613,
    "struct": 0.3548387096774194
  },
  "delta_mean": {
    "code": 0.0967741935483871,
    "harm": 0.03225806451612903,
    "struct": -0.5161290322580645
  },
  "by_loss_option": {
    "4": {
      "num_logs": 30,
      "before_mean": {
        "code": 0.6,
        "harm": 0.1,
        "struct": 0.9
      },
      "after_mean": {
        "code": 0.7,
        "harm": 0.13333333333333333,
        "struct": 0.36666666666666664
      },
      "delta_mean": {
        "code": 0.1,
        "harm": 0.03333333333333333,
        "struct": -0.5333333333333333
      }
    }
  },
  "by_steer_label": {
    "code": {
      "num_logs": 10,
      "before_mean": {
        "code": 0.6,
        "harm": 0.1,
        "struct": 0.9
      },
      "after_mean": {
        "code": 0.9,
        "harm": 0.1,
        "struct": 0.4
      },
      "delta_mean": {
        "code": 0.3,
        "harm": 0.0,
        "struct": -0.5
      }
    },
    "harm": {
      "num_logs": 10,
      "before_mean": {
        "code": 0.6,
        "harm": 0.1,
        "struct": 0.9
      },
      "after_mean": {
        "code": 0.6,
        "harm": 0.2,
        "struct": 0.3
      },
      "delta_mean": {
        "code": 0.0,
        "harm": 0.1,
        "struct": -0.6
      }
    },
    "struct": {
      "num_logs": 10,
      "before_mean": {
        "code": 0.6,
        "harm": 0.1,
        "struct": 0.9
      },
      "after_mean": {
        "code": 0.6,
        "harm": 0.1,
        "struct": 0.4
      },
      "delta_mean": {
        "code": 0.0,
        "harm": 0.0,
        "struct": -0.5
      }
    }
  }
}