{
  "code": {
    "code": {
      "mean_f_before": 0.0,
      "mean_f_after": 0.0,
      "mean_g_before": 0.05837482679635286,
      "mean_g_after": 0.05837482679635286,
      "count": 10
    },
    "harm": {
      "mean_f_before": 0.0,
      "mean_f_after": 0.0,
      "mean_g_before": 0.03274556417018175,
      "mean_g_after": 0.03274556417018175,
      "count": 10
    },
    "struct": {
      "mean_f_before": 0.12400031238794326,
      "mean_f_after": 0.12400031238794326,
      "mean_g_before": 0.0002690914610866457,
      "mean_g_after": 0.0002690914610866457,
      "count": 10
    }
  },
  "harm": {
    "code": {
      "mean_f_before": 0.0,
      "mean_f_after": 0.0,
      "mean_g_before": 0.05837482679635286,
      "mean_g_after": 0.05837482679635286,
      "count": 10
    },
    "harm": {
      "mean_f_before": 0.0,
      "mean_f_after": 0.0,
      "mean_g_before": 0.03274556417018175,
      "mean_g_after": 0.03274556417018175,
      "count": 10
    },
    "struct": {
      "mean_f_before": 0.12400031238794326,
      "mean_f_after": 0.12400031238794326,
      "mean_g_before": 0.0002690914610866457,
      "mean_g_after": 0.0002690914610866457,
      "count": 10
    }
  },
  "struct": {
    "code": {
      "mean_f_before": 0.0,
      "mean_f_after": 0.0,
      "mean_g_before": 0.05837482679635286,
      "mean_g_after": 0.05837482679635286,
      "count": 10
    },
    "harm": {
      "mean_f_before": 0.0,
      "mean_f_after": 0.0,
      "mean_g_before": 0.03274556417018175,
      "mean_g_after": 0.03274556417018175,
      "count": 10
    },
    "struct": {
      "mean_f_before": 0.12400031238794326,
      "mean_f_after": 0.12400031238794326,
      "mean_g_before": 0.0002690914610866457,
      "mean_g_after": 0.0002690914610866457,
      "count": 10
    }
  }
}