{
  "code": {
    "code": {
      "mean_f_before": 0.0,
      "mean_f_after": 0.0,
      "mean_g_before": 0.011300466360989959,
      "mean_g_after": 0.011300466360989959,
      "count": 10
    },
    "harm": {
      "mean_f_before": 0.0,
      "mean_f_after": 0.0,
      "mean_g_before": 0.43877810575068,
      "mean_g_after": 0.43877810575068,
      "count": 10
    },
    "struct": {
      "mean_f_before": 0.0,
      "mean_f_after": 0.0,
      "mean_g_before": 0.007220587518531829,
      "mean_g_after": 0.007220587518531829,
      "count": 10
    }
  },
  "harm": {
    "code": {
      "mean_f_before": 0.0,
      "mean_f_after": 0.0,
      "mean_g_before": 0.011300466360989959,
      "mean_g_after": 0.011300466360989959,
      "count": 10
    },
    "harm": {
      "mean_f_before": 0.0,
      "mean_f_after": 0.0,
      "mean_g_before": 0.43877810575068,
      "mean_g_after": 0.43877810575068,
      "count": 10
    },
    "struct": {
      "mean_f_before": 0.0,
      "mean_f_after": 0.0,
      "mean_g_before": 0.007220587518531829,
      "mean_g_after": 0.007220587518531829,
      "count": 10
    }
  },
  "struct": {
    "code": {
      "mean_f_before": 0.0,
      "mean_f_after": 0.0,
      "mean_g_before": 0.011300466360989959,
      "mean_g_after": 0.011300466360989959,
      "count": 10
    },
    "harm": {
      "mean_f_before": 0.0,
      "mean_f_after": 0.0,
      "mean_g_before": 0.43877810575068,
      "mean_g_after": 0.43877810575068,
      "count": 10
    },
    "struct": {
      "mean_f_before": 0.0,
      "mean_f_after": 0.0,
      "mean_g_before": 0.007220587518531829,
      "mean_g_after": 0.007220587518531829,
      "count": 10
    }
  }
}